ATIVIDADE,AUTOR1,AUTOR2,EMAIL,TEMA
PALESTRA,John Doe,Jane Doe,john.doe@gmail.com,Placeholders em publicações: Um estudo de caso
PALESTRA,John Doe,Jane Doe,john.doe@gmail.com,Placeholders em publicações: Um estudo de caso
PALESTRA,John Doe,Jane Doe,john.doe@gmail.com,Placeholders em publicações: Um estudo de caso
TUTORIAL,John Doe,Jane Doe,john.doe@gmail.com,Placeholders em publicações: Um estudo de caso
TUTORIAL,John Doe,Jane Doe,john.doe@gmail.com,Placeholders em publicações: Um estudo de caso
PALESTRA,John Doe,Jane Doe,john.doe@gmail.com,Placeholders em publicações: Um estudo de caso
PALESTRA,John Doe,Jane Doe,john.doe@gmail.com,Placeholders em publicações: Um estudo de caso
PALESTRA,John Doe,Jane Doe,john.doe@gmail.com,Placeholders em publicações: Um estudo de caso
TUTORIAL,John Doe,Jane Doe,john.doe@gmail.com,Placeholders em publicações: Um estudo de caso
TUTORIAL,John Doe,Jane Doe,john.doe@gmail.com,Placeholders em publicações: Um estudo de caso
PALESTRA,John Doe,Jane Doe,john.doe@gmail.com,Placeholders em publicações: Um estudo de caso
PALESTRA,John Doe,Jane Doe,john.doe@gmail.com,Placeholders em publicações: Um estudo de caso
TUTORIAL,John Doe,Jane Doe,john.doe@gmail.com,Placeholders em publicações: Um estudo de caso
PALESTRA,John Doe,Jane Doe,john.doe@gmail.com,Placeholders em publicações: Um estudo de caso
PALESTRA,John Doe,Jane Doe,john.doe@gmail.com,Placeholders em publicações: Um estudo de caso
PALESTRA,John Doe,Jane Doe,john.doe@gmail.com,Placeholders em publicações: Um estudo de caso
TUTORIAL,John Doe,Jane Doe,john.doe@gmail.com,Placeholders em publicações: Um estudo de caso
TUTORIAL,John Doe,Jane Doe,john.doe@gmail.com,Placeholders em publicações: Um estudo de caso
PALESTRA,John Doe,Jane Doe,john.doe@gmail.com,Placeholders em publicações: Um estudo de caso
PALESTRA,John Doe,Jane Doe,john.doe@gmail.com,Placeholders em publicações: Um estudo de caso
PALESTRA,John Doe,Jane Doe,john.doe@gmail.com,Placeholders em publicações: Um estudo de caso
TUTORIAL,John Doe,Jane Doe,john.doe@gmail.com,Placeholders em publicações: Um estudo de caso
TUTORIAL,John Doe,Jane Doe,john.doe@gmail.com,Placeholders em publicações: Um estudo de caso
PALESTRA,John Doe,Jane Doe,john.doe@gmail.com,Placeholders em publicações: Um estudo de caso
PALESTRA,John Doe,Jane Doe,john.doe@gmail.com,Placeholders em publicações: Um estudo de caso
PALESTRA,John Doe,Jane Doe,john.doe@gmail.com,Placeholders em publicações: Um estudo de caso
PALESTRA,John Doe,Jane Doe,john.doe@gmail.com,Placeholders em publicações: Um estudo de caso
TUTORIAL,John Doe,Jane Doe,john.doe@gmail.com,Placeholders em publicações: Um estudo de caso
PALESTRA,John Doe,Jane Doe,john.doe@gmail.com,Placeholders em publicações: Um estudo de caso
